Player,Pos,Squad,90s,Tkl,TklW,Def 3rd,Mid 3rd,Att 3rd,Press,Succ,%,Def 3rd,Mid 3rd,Att 3rd,Blocks,Sh,ShSv,Pass,Int,Tkl+Int,Clr,Err
Patrick van Aanholt,DF,Crystal Palace,17.7,30,18,18,11,1,178,56,31.5,111,50,17,26,4,0,22,29,59,36,1
Tammy Abraham,FW,Chelsea,11.3,6,3,2,3,1,152,36,23.7,11,64,77,9,2,0,7,2,8,15,0
Che Adams,FW,Southampton,24.1,26,14,4,12,10,320,109,34.1,38,113,169,19,3,0,16,7,33,13,1
Tosin Adarabioyo,DF,Fulham,27,33,21,27,5,1,148,45,30.4,101,42,5,31,18,0,13,39,72,204,1
Adrian,GK,Liverpool,3,0,0,0,0,0,1,0,0,1,0,0,0,0,0,0,0,0,0,1
Sergio Aguero,FW,Manchester City,4.2,1,0,0,0,1,54,13,24.1,6,16,32,3,0,0,3,4,5,1,0
Ola Aina,DF,Fulham,26,43,22,24,13,6,223,57,25.6,115,86,22,41,5,0,36,47,90,112,0
Rayan Ait Nouri,DF,Wolves,8.8,18,10,8,9,1,125,36,28.8,63,45,17,15,0,0,15,9,27,23,0
Semi Ajayi,DF,West Brom,24.3,52,37,40,10,2,283,114,40.3,186,83,14,47,26,3,21,27,79,113,1
Nathan Ake,DF,Manchester City,5.2,5,2,3,1,1,29,11,37.9,9,14,6,3,1,0,2,3,8,14,0
Marc Albrighton,"FW,DF",Leicester City,14.6,34,25,12,14,8,252,98,38.9,88,100,64,26,2,1,24,20,54,19,0
Thiago Alcantara,MF,Liverpool,13.5,38,25,14,17,7,254,78,30.7,64,136,54,14,0,0,14,21,59,13,0
Toby Alderweireld,DF,Tottenham,17.9,32,14,19,13,0,155,51,32.9,93,59,3,36,21,1,15,4,36,129,0
Trent Alexander-Arnold,DF,Liverpool,25.7,48,30,24,18,6,235,86,36.6,80,89,66,32,2,0,30,24,72,51,1
Ezgjan Alioski,"DF,MF",Leeds United,20,58,29,22,29,7,387,113,29.2,164,168,55,31,5,0,26,22,80,43,0
Alisson,GK,Liverpool,25,0,0,0,0,0,3,0,0,3,0,0,0,0,0,0,0,0,1,5
Allan,MF,Everton,14.8,44,31,20,22,2,389,119,30.6,177,189,23,26,8,0,18,13,57,17,0
Dele Alli,MF,Tottenham,2.6,5,3,4,0,1,77,16,20.8,12,36,29,2,0,0,2,4,9,1,0
Miguel Almiron,"MF,FW",Newcastle Utd,19.4,39,23,18,18,3,358,83,23.2,118,140,100,26,2,1,24,23,62,19,1
Marcos Alonso,DF,Chelsea,8.8,10,6,4,4,2,120,37,30.8,55,40,25,19,1,0,18,8,18,34,0
Steven Alzate,"MF,DF",Brighton,8.2,17,13,11,3,3,125,48,38.4,36,57,32,15,1,0,14,5,22,9,1
Daniel Amartey,DF,Leicester City,7.5,12,6,7,3,2,61,24,39.3,37,21,3,17,5,1,12,10,22,41,0
Ethan Ampadu,"DF,MF",Sheffield Utd,21.3,58,34,30,23,5,332,94,28.3,166,125,41,44,20,0,24,37,95,108,2
Joachim Andersen,DF,Fulham,24.7,31,19,17,11,3,144,50,34.7,96,38,10,26,13,0,13,37,68,192,1
Elliot Anderson,MF,Newcastle Utd,0,0,0,0,0,0,3,1,33.3,0,3,0,0,0,0,0,0,0,0,0
Felipe Anderson,"FW,MF",West Ham,0,1,1,0,1,0,3,1,33.3,1,2,0,0,0,0,0,0,1,0,0
Michail Antonio,FW,West Ham,17.2,11,5,1,5,5,189,53,28,13,69,107,18,8,0,10,8,19,8,0
Alphonse Areola,GK,Fulham,30,0,0,0,0,0,4,0,0,4,0,0,0,0,0,0,0,0,0,1
Stuart Armstrong,MF,Southampton,22.9,55,34,21,25,9,366,109,29.8,115,163,88,25,1,0,24,23,78,15,1
Kepa Arrizabalaga,GK,Chelsea,4,0,0,0,0,0,1,0,0,1,0,0,0,0,0,0,0,0,0,3
Pierre-Emerick Aubameyang,FW,Arsenal,22.3,16,5,8,7,1,277,71,25.6,52,113,112,25,2,0,23,5,21,14,0
Serge Aurier,DF,Tottenham,12.8,53,26,36,15,2,272,77,28.3,153,90,29,26,5,0,21,18,71,39,2
Charlie Austin,FW,West Brom,1.5,4,3,2,1,1,23,7,30.4,5,8,10,0,0,0,0,2,6,3,0
Jordan Ayew,"FW,MF",Crystal Palace,19.4,40,28,7,23,10,554,130,23.5,109,290,155,25,2,0,23,21,61,10,0
Luke Ayling,DF,Leeds United,29.8,83,48,47,28,8,417,152,36.5,211,162,44,67,27,1,40,43,126,80,2
Cesar Azpilicueta,DF,Chelsea,18.6,37,19,17,14,6,251,76,30.3,109,102,40,30,5,0,25,25,62,78,1
Eric Bailly,DF,Manchester Utd,7.1,8,5,4,3,1,43,16,37.2,20,22,1,13,12,0,1,17,25,38,0
Fabian Balbuena,DF,West Ham,12,22,13,18,4,0,118,41,34.7,76,41,1,23,4,0,19,12,34,81,1
George Baldock,DF,Sheffield Utd,24,39,18,24,12,3,350,84,24,158,130,62,37,7,1,30,25,64,64,0
Gareth Bale,FW,Tottenham,6.2,9,6,4,2,3,72,16,22.2,17,34,21,9,1,0,8,4,13,13,0
Patrick Bamford,FW,Leeds United,27.8,20,13,4,8,8,459,136,29.6,23,193,243,13,7,1,6,11,31,30,0
Phil Bardsley,DF,Burnley,3,6,4,5,1,0,39,9,23.1,17,19,3,4,1,0,3,3,9,14,0
Ross Barkley,MF,Chelsea,0.5,0,0,0,0,0,5,1,20,2,2,1,0,0,0,0,0,0,0,0
Ross Barkley,MF,Aston Villa,13,3,0,2,1,0,168,39,23.2,25,95,48,15,2,0,13,4,7,6,0
Ashley Barnes,FW,Burnley,14.4,14,6,2,6,6,184,46,25,22,71,91,15,3,0,12,4,18,9,0
Harvey Barnes,"FW,MF",Leicester City,21.6,22,14,9,6,7,226,69,30.5,61,90,75,24,4,0,20,16,38,13,0
Kyle Bartley,DF,West Brom,20.8,20,14,12,7,1,163,50,30.7,92,63,8,54,26,1,28,18,38,150,0
Chris Basham,"DF,MF",Sheffield Utd,23.6,65,42,39,20,6,312,95,30.4,160,108,44,42,11,4,31,35,100,93,1
Michy Batshuayi,FW,Crystal Palace,7.9,3,3,1,2,0,102,21,20.6,8,50,44,10,1,0,9,2,5,5,1
Jan Bednarek,DF,Southampton,28.9,36,22,22,13,1,226,74,32.7,139,80,7,51,22,1,29,61,97,177,1
Donny van de Beek,"MF,FW",Manchester Utd,3.7,7,7,3,3,1,62,17,27.4,8,35,19,9,1,0,8,4,11,4,0
Hector Bellerin,DF,Arsenal,21.2,32,16,17,13,2,206,54,26.2,79,97,30,48,9,0,39,10,42,40,0
Said Benrahma,"FW,MF",West Ham,12,21,15,7,11,3,219,54,24.7,66,114,39,10,0,0,10,10,31,6,0
Josh Benson,MF,Burnley,2.9,8,5,5,1,2,36,12,33.3,15,17,4,3,1,0,2,1,9,2,0
Christian Benteke,FW,Crystal Palace,13.7,10,6,0,4,6,170,42,24.7,13,93,64,14,5,1,9,4,14,26,0
Johann Berg Gudmundsson,MF,Burnley,10.8,16,11,5,7,4,123,32,26,36,52,35,16,1,0,15,11,27,7,0
Sander Berge,MF,Sheffield Utd,11.3,21,16,9,8,4,193,56,29,67,96,30,20,2,0,18,3,24,19,1
Steven Bergwijn,"FW,MF",Tottenham,11.6,13,8,7,3,3,197,47,23.9,52,80,65,9,1,0,8,10,23,4,0
Bernard,"FW,MF",Everton,4.4,5,4,1,2,2,63,14,22.2,22,27,14,8,0,0,8,6,11,3,0
Bernardo,"DF,MF",Brighton,2.3,8,5,6,1,1,34,13,38.2,15,9,10,6,0,0,6,0,8,3,0
Ryan Bertrand,DF,Southampton,27.9,68,44,27,36,5,300,119,39.7,114,140,46,46,5,0,41,29,97,53,1
Yves Bissouma,MF,Brighton,26.6,82,54,46,31,5,408,142,34.8,187,188,33,46,6,0,40,41,123,44,0
Jayden Bogle,DF,Sheffield Utd,9.8,27,13,14,12,1,173,47,27.2,84,54,35,24,3,0,21,17,44,17,0
Willy Boly,DF,Wolves,17,36,21,30,6,0,127,44,34.6,88,36,3,24,11,0,13,15,51,89,0
Jarrod Bowen,"FW,MF",West Ham,23,17,10,10,6,1,253,68,26.9,71,99,83,27,1,0,26,18,35,4,0
Robbie Brady,MF,Burnley,11.7,21,11,11,3,7,180,40,22.2,61,75,44,24,1,0,23,9,30,24,1
Rhian Brewster,FW,Sheffield Utd,9.8,8,3,1,4,3,173,48,27.7,9,78,86,13,2,0,11,4,12,3,0
Josh Brownhill,MF,Burnley,23.8,42,23,11,25,6,380,98,25.8,91,208,81,49,11,1,38,45,87,42,0
Joe Bryan,"DF,FW",Fulham,5.2,13,8,6,5,2,63,21,33.3,27,23,13,14,1,0,13,9,22,19,0
Kean Bryan,DF,Sheffield Utd,8.3,19,12,12,6,1,107,29,27.1,61,38,8,18,7,0,11,22,41,46,2
Oliver Burke,FW,Sheffield Utd,11.7,14,8,4,7,3,351,63,17.9,31,159,161,21,0,0,21,2,16,4,0
Dan Burn,DF,Brighton,16.9,33,12,21,10,2,215,75,34.9,101,78,36,27,3,0,24,22,55,64,0
David Button,GK,West Brom,1,0,0,0,0,0,0,0,,0,0,0,0,0,0,0,0,0,0,0
Oskar Buur,DF,Wolves,0.2,0,0,0,0,0,5,0,0,3,0,2,0,0,0,0,0,0,0,0
Willy Caballero,GK,Chelsea,1,0,0,0,0,0,0,0,,0,0,0,0,0,0,0,0,0,0,0
Gary Cahill,DF,Crystal Palace,15,8,5,6,2,0,75,22,29.3,49,20,6,27,18,0,9,9,17,89,1
Tom Cairney,MF,Fulham,8.4,5,4,1,2,2,65,21,32.3,18,32,15,6,0,0,6,1,6,3,0
Dominic Calvert-Lewin,FW,Everton,24.9,13,10,0,5,8,256,78,30.5,20,105,131,30,7,0,23,5,18,24,0
Joao Cancelo,DF,Manchester City,21.6,69,38,36,25,8,279,99,35.5,113,107,59,32,3,0,29,39,108,28,1
Ian Carlo Poveda,"MF,DF",Leeds United,2.8,7,5,6,0,1,45,12,26.7,16,18,11,3,1,0,2,0,7,0,0
Andy Carroll,FW,Newcastle Utd,4.3,2,1,1,0,1,58,14,24.1,7,29,22,2,0,0,2,1,3,10,0
Matty Cash,DF,Aston Villa,22.2,67,37,36,25,6,351,100,28.5,179,138,34,62,13,0,49,41,108,92,2
Kiko Casilla,GK,Leeds United,1,0,0,0,0,0,0,0,,0,0,0,0,0,0,0,0,0,0,0
Timothy Castagne,DF,Leicester City,18.1,49,29,25,18,6,246,66,26.8,105,86,55,43,2,0,41,15,64,45,0
Jonny Castro,DF,Wolves,5.5,9,6,5,2,2,96,24,25,34,43,19,10,3,0,7,7,16,8,0
Ivan Cavaleiro,"FW,MF",Fulham,21.6,23,16,10,8,5,342,102,29.8,66,145,131,33,1,0,32,13,36,17,1
Edinson Cavani,FW,Manchester Utd,11.2,9,5,0,4,5,151,42,27.8,11,51,89,5,1,0,4,7,16,7,0
Dani Ceballos,MF,Arsenal,13.1,29,26,14,10,5,204,54,26.5,101,70,33,22,7,1,15,21,50,19,0
Calum Chambers,DF,Arsenal,3,1,0,0,1,0,39,14,35.9,20,14,5,6,0,0,6,2,3,21,0
Ben Chilwell,DF,Chelsea,19.5,38,24,14,18,6,225,80,35.6,92,95,38,53,3,0,50,18,56,47,0
Hamza Choudhury,MF,Leicester City,3.4,11,7,5,6,0,52,18,34.6,18,30,4,9,2,0,7,3,14,6,1
Andreas Christensen,DF,Chelsea,11.7,15,10,11,3,1,62,24,38.7,41,16,5,19,12,0,7,19,34,67,0
Ciaran Clark,DF,Newcastle Utd,17.4,23,13,15,6,2,135,46,34.1,87,38,10,39,17,0,22,19,42,99,0
Nathaniel Clyne,DF,Crystal Palace,12.7,21,9,14,7,0,117,31,26.5,73,29,15,25,2,0,23,13,34,32,0
Conor Coady,DF,Wolves,28.7,25,18,18,7,0,151,51,33.8,114,35,2,50,34,0,16,19,44,118,1
Seamus Coleman,DF,Everton,10.9,24,16,15,8,1,138,37,26.8,77,42,19,19,3,0,16,7,31,26,0
Aaron Connolly,FW,Brighton,8,7,5,2,4,1,115,36,31.3,6,55,54,8,1,0,7,0,7,1,0
Liam Cooper,DF,Leeds United,21.8,68,44,43,24,1,249,106,42.6,153,88,8,41,29,0,12,42,110,109,1
Jack Cork,MF,Burnley,8.2,15,9,3,9,3,110,35,31.8,28,56,26,9,3,0,6,5,20,10,0
Helder Costa,MF,Leeds United,10.3,21,12,10,3,8,199,58,29.1,68,70,61,17,0,0,17,5,26,6,0
Vladimir Coufal,DF,West Ham,25.9,66,36,51,14,1,343,91,26.5,188,106,49,57,4,0,53,27,93,101,1
Aaron Cresswell,DF,West Ham,30,29,12,15,12,2,188,54,28.7,108,68,12,44,12,0,32,26,55,83,0
Patrick Cutrone,"FW,MF",Wolves,0.3,0,0,0,0,0,7,2,28.6,2,1,4,0,0,0,0,0,0,0,0
Stuart Dallas,"DF,MF",Leeds United,29.9,70,46,41,25,4,448,155,34.6,166,222,60,47,3,0,44,45,115,43,1
Scott Dann,DF,Crystal Palace,12,10,7,9,1,0,51,14,27.5,33,17,1,20,12,0,8,5,15,56,1
Karl Darlow,GK,Newcastle Utd,25,0,0,0,0,0,2,0,0,2,0,0,0,0,0,0,1,1,2,0
Ben Davies,DF,Tottenham,15,26,13,14,8,4,183,41,22.4,90,64,29,24,5,0,19,13,39,72,0
Tom Davies,"MF,DF",Everton,11.8,26,22,18,7,1,195,64,32.8,88,81,26,18,6,0,12,26,52,21,1
Keinan Davis,"FW,MF",Aston Villa,1.2,2,2,0,1,1,20,8,40,2,11,7,1,0,0,1,0,2,1,0
Leif Davis,DF,Leeds United,0.4,0,0,0,0,0,12,0,0,5,6,1,3,1,0,2,2,2,0,0
Craig Dawson,DF,West Ham,15,11,9,11,0,0,96,31,32.3,65,30,1,21,16,0,5,20,31,94,1
Kevin De Bruyne,MF,Manchester City,21.2,37,31,8,19,10,354,118,33.3,41,160,153,25,2,0,23,16,53,7,0
Liam Delap,FW,Manchester City,0.4,0,0,0,0,0,6,1,16.7,0,5,1,0,0,0,0,0,0,0,0
Fabian Delph,"MF,DF",Everton,2.4,3,1,2,1,0,20,4,20,8,12,0,3,0,0,3,4,7,3,0
Leander Dendoncker,"MF,DF",Wolves,21.9,37,22,23,11,3,358,104,29.1,160,157,41,49,13,0,36,20,57,60,0
Mbaye Diagne,FW,West Brom,9.1,8,4,3,2,3,94,31,33,11,31,52,4,0,0,4,1,9,12,0
Ibrahima Diallo,MF,Southampton,8.2,24,21,11,11,2,164,54,32.9,59,92,13,10,0,0,10,9,33,14,0
Grady Diangana,"MF,FW",West Brom,12.1,29,16,18,5,6,273,55,20.1,131,86,56,26,1,0,25,13,42,4,0
Raphael Dias Belloli,MF,Leeds United,22,29,16,13,9,7,338,88,26,91,132,115,34,1,0,33,28,57,26,0
Ruben Dias,DF,Manchester City,27.6,26,18,13,11,2,149,55,36.9,72,61,16,37,19,0,18,19,45,98,0
Eric Dier,DF,Tottenham,21,18,10,11,6,1,112,34,30.4,72,36,4,39,28,0,11,14,32,140,0
Lucas Digne,"DF,MF",Everton,20.8,53,27,36,11,6,281,73,26,130,95,56,51,2,0,49,11,64,58,0
Virgil van Dijk,DF,Liverpool,4.1,3,1,1,2,0,14,3,21.4,7,7,0,3,2,0,1,0,3,12,1
Issa Diop,DF,West Ham,10.3,17,12,9,8,0,62,23,37.1,29,30,3,18,13,1,5,12,29,47,1
Moussa Djenepo,MF,Southampton,12.3,43,20,23,11,9,293,83,28.3,104,109,80,26,0,0,26,10,53,14,0
Matt Doherty,DF,Tottenham,12.7,18,6,5,8,5,165,32,19.4,67,66,32,36,5,0,31,14,32,47,0
Gabriel Dos Santos,DF,Arsenal,16.2,21,14,16,5,0,111,44,39.6,71,35,5,33,20,0,13,17,38,73,2
Abdoulaye Doucoure,MF,Everton,23.7,48,35,28,14,6,452,126,27.9,192,180,80,36,9,0,27,28,76,27,1
Martin Dubravka,GK,Newcastle Utd,5,0,0,0,0,0,0,0,,0,0,0,0,0,0,0,0,0,0,0
Paul Dummett,DF,Newcastle Utd,5.9,12,4,6,5,1,60,16,26.7,33,21,6,10,2,0,8,5,17,31,0
Lewis Dunk,DF,Brighton,27,30,17,19,9,2,139,56,40.3,77,54,8,32,19,1,13,23,53,104,2
Jimmy Dunne,DF,Burnley,2,1,1,1,0,0,13,7,53.8,8,4,1,4,3,0,1,0,1,7,0
Ederson,GK,Manchester City,30,0,0,0,0,0,3,0,0,3,0,0,0,0,0,0,0,0,1,1
Kyle Edwards,"MF,FW",West Brom,1.3,3,0,1,1,1,15,2,13.3,4,9,2,2,0,0,2,1,4,0,0
John Egan,DF,Sheffield Utd,21.2,34,22,25,8,1,177,56,31.6,108,65,4,41,22,1,19,25,59,111,1
Ahmed Elmohamady,DF,Aston Villa,6.8,11,7,6,3,2,50,19,38,23,21,6,8,2,0,6,20,31,23,0
Mohamed Elneny,MF,Arsenal,12.3,11,7,7,4,0,138,41,29.7,52,63,23,14,4,0,10,14,25,13,1
Jonny Evans,DF,Leicester City,23.5,17,9,13,3,1,151,59,39.1,100,49,2,22,5,0,17,33,50,129,0
Eberechi Eze,MF,Crystal Palace,22.8,28,16,14,10,4,243,74,30.5,64,124,55,31,3,0,28,20,48,3,0
Lukasz Fabianski,GK,West Ham,28,0,0,0,0,0,5,1,20,5,0,0,3,0,0,3,0,0,1,0
Fabinho,"DF,MF",Liverpool,20.5,59,42,20,34,5,223,79,35.4,75,131,17,28,9,0,19,29,88,78,0
Bruno Fernandes,MF,Manchester Utd,28.4,53,35,19,21,13,578,137,23.7,96,275,207,38,1,0,37,16,69,21,0
Federico Fernández,DF,Newcastle Utd,15.3,28,14,20,6,2,130,39,30,87,37,6,37,23,0,14,6,34,103,1
Fernandinho,MF,Manchester City,10.1,24,17,4,14,6,159,50,31.4,31,103,25,8,0,0,8,20,44,25,0
Sam Field,MF,West Brom,0.7,9,7,4,5,0,22,10,45.5,8,13,1,6,1,0,5,0,9,4,0
Roberto Firmino,FW,Liverpool,24.7,30,20,3,11,16,405,118,29.1,56,175,174,45,2,0,43,9,39,6,0
John Fleck,MF,Sheffield Utd,20.6,32,19,16,12,4,363,95,26.2,126,174,63,31,3,0,28,29,61,14,0
Phil Foden,"FW,MF",Manchester City,14.9,22,14,9,9,4,242,74,30.6,41,86,115,13,1,0,12,11,33,8,0
Wesley Fofana,DF,Leicester City,18.7,43,27,30,12,1,171,55,32.2,103,62,6,35,16,0,19,32,75,87,0
Pablo Fornals,"FW,MF",West Ham,20.8,26,15,11,12,3,395,78,19.7,127,191,77,40,1,0,39,23,49,5,1
Fraser Forster,GK,Southampton,5,0,0,0,0,0,2,1,50,2,0,0,0,0,0,0,0,0,3,0
Timothy Fosu-Mensah,DF,Manchester Utd,0.9,3,1,2,1,0,7,2,28.6,3,4,0,1,0,0,1,1,4,1,0
Ryan Fraser,"FW,MF",Newcastle Utd,10.3,4,1,3,1,0,116,19,16.4,18,51,47,8,0,0,8,2,6,3,0
Fred,MF,Manchester Utd,21.4,65,43,27,30,8,500,148,29.6,180,237,83,51,7,0,44,44,109,27,0
Ryan Fredericks,"DF,FW",West Ham,5,11,5,6,5,0,60,11,18.3,34,13,13,13,1,0,12,4,15,16,0
Christian Fuchs,DF,Leicester City,7.8,15,9,13,1,1,87,23,26.4,53,27,7,16,4,1,12,12,27,31,0
Darnell Furlong,DF,West Brom,24.6,24,9,14,6,4,199,52,26.1,90,72,37,63,15,1,48,20,44,90,1
Conor Gallagher,MF,West Brom,21.9,62,43,24,30,8,525,137,26.1,168,262,95,49,6,0,43,26,88,22,0
Eric Garcia,DF,Manchester City,2.4,6,2,4,1,1,18,5,27.8,12,6,0,2,0,0,2,3,9,8,0
Dwight Gayle,"FW,MF",Newcastle Utd,4.1,5,3,1,4,0,64,17,26.6,9,25,30,3,2,0,1,1,6,0,0
Jean-Philippe Gbamin,MF,Everton,0.1,1,1,0,1,0,4,2,50,0,1,3,1,0,0,1,0,1,1,0
David de Gea,GK,Manchester Utd,23.5,0,0,0,0,0,0,0,,0,0,0,0,0,0,0,0,0,1,0
Anwar El Ghazi,FW,Aston Villa,10.8,12,8,6,4,2,114,30,26.3,30,48,36,8,0,0,8,4,16,4,0
Kieran Gibbs,DF,West Brom,9,14,6,9,3,2,80,20,25,42,30,8,18,6,0,12,13,27,31,0
Morgan Gibbs-White,"FW,MF",Wolves,1.2,1,1,0,0,1,26,6,23.1,4,11,11,1,0,0,1,2,3,1,0
Billy Gilmour,MF,Chelsea,0.4,3,1,1,2,0,10,6,60,5,3,2,2,1,0,1,1,4,0,0
Olivier Giroud,FW,Chelsea,7.9,8,4,0,5,3,120,30,25,13,48,59,3,1,0,2,4,12,9,0
Ben Godfrey,DF,Everton,20.8,36,18,25,9,2,241,77,32,160,66,15,61,27,1,34,32,68,80,0
Andre Gomes,MF,Everton,15.5,42,29,20,19,3,311,102,32.8,104,157,50,25,1,0,24,14,56,9,0
Joe Gomez,DF,Liverpool,6.6,5,2,2,3,0,39,15,38.5,24,13,2,7,3,0,4,5,10,32,2
Anthony Gordon,"FW,MF",Everton,1,3,2,3,0,0,18,3,16.7,5,9,4,2,0,0,2,1,4,1,0
Karlan Grant,"FW,MF",West Brom,12.1,6,3,3,3,0,154,38,24.7,23,59,72,7,0,0,7,10,16,13,0
Demarai Gray,FW,Leicester City,0.2,2,1,2,0,0,3,1,33.3,2,0,1,0,0,0,0,0,2,0,0
Jack Grealish,"FW,MF",Aston Villa,22,23,15,5,13,5,283,92,32.5,72,104,107,25,2,0,23,11,34,4,1
Mason Greenwood,FW,Manchester Utd,15.4,17,11,8,4,5,205,59,28.8,43,91,71,5,0,0,5,7,24,2,0
Pascal Groß,"MF,DF",Brighton,19.9,30,19,17,11,2,269,75,27.9,88,124,57,20,5,0,15,18,48,19,0
Kamil Grosicki,"FW,MF",West Brom,1.6,1,0,1,0,0,22,3,13.6,11,8,3,1,0,0,1,0,1,2,0
Vicente Guaita,GK,Crystal Palace,30,0,0,0,0,0,4,1,25,4,0,0,0,0,0,0,0,0,1,0
Ilkay Gundogan,MF,Manchester City,19.3,20,14,8,7,5,179,51,28.5,40,92,47,13,3,0,10,18,38,12,0
Sebastien Haller,FW,West Ham,10.4,11,4,1,5,5,199,42,21.1,12,115,72,4,1,0,3,5,16,7,0
Rekeem Harper,MF,West Brom,0.4,2,1,1,1,0,10,0,0,2,7,1,0,0,0,0,0,2,0,0
Jack Harrison,MF,Leeds United,24.9,54,30,26,16,12,480,145,30.2,128,164,188,33,1,0,32,20,74,22,0
Kortney Hause,DF,Aston Villa,4,4,4,2,2,0,16,6,37.5,9,6,1,4,2,0,2,3,7,34,0
Kai Havertz,"MF,FW",Chelsea,13.2,17,10,5,11,1,198,41,20.7,34,102,62,20,2,0,18,8,25,12,1
Isaac Hayden,"MF,DF",Newcastle Utd,21.6,50,34,14,28,8,407,101,24.8,159,194,54,42,8,0,34,47,97,57,1
Michael Hector,DF,Fulham,2.9,7,5,4,3,0,28,11,39.3,21,7,0,6,3,1,3,0,7,11,0
Ahmed Hegazi,DF,West Brom,1,0,0,0,0,0,10,4,40,8,2,0,2,0,0,2,0,0,11,0
Dean Henderson,GK,Manchester Utd,6.5,0,0,0,0,0,3,1,33.3,3,0,0,0,0,0,0,0,0,0,0
Jordan Henderson,"MF,DF",Liverpool,18.9,19,9,8,7,4,183,60,32.8,59,85,39,28,4,1,24,27,46,44,1
Jeff Hendrick,MF,Newcastle Utd,15.6,6,4,3,3,0,171,47,27.5,40,103,28,23,8,0,15,12,18,27,0
Pablo Hernandez,MF,Leeds United,3.8,5,2,2,1,2,64,17,26.6,9,35,20,2,0,0,2,4,9,1,0
Son Heung-min,FW,Tottenham,26.6,18,8,7,8,3,466,106,22.7,95,243,128,28,3,0,25,19,37,3,0
Ki-Jana Hoever,DF,Wolves,4.4,13,8,10,2,1,99,21,21.2,59,35,5,5,1,0,4,8,21,11,0
Rob Holding,DF,Arsenal,21.4,28,14,19,6,3,226,65,28.8,143,72,11,37,21,0,16,15,43,117,0
Mason Holgate,DF,Everton,18.6,53,30,31,15,7,227,66,29.1,110,85,32,42,8,0,34,31,84,80,1
Conor Hourihane,MF,Aston Villa,2.5,0,0,0,0,0,17,6,35.3,4,6,7,3,0,0,3,0,0,2,0
Callum Hudson-Odoi,"FW,DF",Chelsea,10,20,11,10,5,5,125,42,33.6,31,54,40,14,0,0,14,7,27,5,0
Niall Huggins,DF,Leeds United,0.4,0,0,0,0,0,9,1,11.1,4,3,2,0,0,0,0,0,0,0,0
Pierre Hojbjerg,MF,Tottenham,30,100,69,52,37,11,605,174,28.8,255,288,62,40,7,0,33,34,134,74,0
Odion Ighalo,FW,Manchester Utd,0.1,0,0,0,0,0,2,0,0,1,0,1,0,0,0,0,0,0,0,0
Kelechi Iheanacho,FW,Leicester City,8.9,6,5,2,4,0,148,31,20.9,14,81,53,13,1,0,12,2,8,1,0
Danny Ings,FW,Southampton,19.7,20,11,6,11,3,311,81,26,42,126,143,39,2,0,37,7,27,15,1
Branislav Ivanovic,DF,West Brom,8.5,14,5,9,5,0,83,18,21.7,54,28,1,15,7,0,8,3,17,31,0
Alex Iwobi,"FW,DF",Everton,14.7,28,18,14,12,2,168,59,35.1,77,52,39,16,1,0,15,15,43,12,0
Phil Jagielka,DF,Sheffield Utd,5.8,9,4,5,3,1,56,17,30.4,40,16,0,15,6,0,9,12,21,46,2
Alireza Jahanbakhsh,"FW,MF",Brighton,3,4,2,0,3,1,41,12,29.3,4,15,22,4,0,0,4,2,6,0,0
Daniel James,FW,Manchester Utd,8.3,10,8,3,3,4,176,37,21,35,71,70,11,0,0,11,9,19,2,0
Reece James,DF,Chelsea,20.1,51,28,31,15,5,278,73,26.3,122,122,34,46,6,0,40,35,86,36,0
Alexandre Jankewitz,MF,Southampton,0,2,0,1,1,0,8,2,25,4,4,0,0,0,0,0,0,2,0,0
Gabriel Jesus,FW,Manchester City,17.5,18,9,6,5,7,252,72,28.6,29,89,134,13,1,0,12,14,32,2,0
Raul Jimenez,FW,Wolves,9.1,7,4,1,4,2,90,22,24.4,12,36,42,8,1,0,7,6,13,10,1
Joelinton,"FW,MF",Newcastle Utd,18.1,38,22,8,23,7,328,81,24.7,69,167,92,32,3,0,29,16,54,19,0
Ben Johnson,DF,West Ham,4.6,6,1,5,0,1,64,10,15.6,36,18,10,5,1,0,4,8,14,11,0
Sam Johnstone,GK,West Brom,29,0,0,0,0,0,2,2,100,2,0,0,0,0,0,0,0,0,0,1
Curtis Jones,MF,Liverpool,12.1,19,15,7,7,5,201,62,30.8,42,94,65,18,0,0,18,16,35,10,1
Jorginho,MF,Chelsea,16.8,45,28,22,18,5,328,122,37.2,122,172,34,29,3,0,26,32,77,17,0
Willian Jose,FW,Wolves,8.1,1,1,0,0,1,82,27,32.9,4,44,34,7,1,0,6,2,3,7,0
Diogo Jota,FW,Liverpool,8.1,8,5,2,4,2,178,44,24.7,39,68,71,5,0,0,5,7,15,3,0
James Justin,DF,Leicester City,23,63,28,41,18,4,347,110,31.7,183,107,57,54,11,0,43,24,87,64,0
Ozan Kabak,DF,Liverpool,5.9,11,5,6,4,1,57,22,38.6,29,26,2,4,3,0,1,4,15,36,1
Aboubakar Kamara,"FW,DF",Fulham,3.5,2,2,2,0,0,71,13,18.3,13,27,31,10,1,0,9,2,4,2,0
Harry Kane,FW,Tottenham,27.3,13,8,3,8,2,318,77,24.2,20,158,140,26,11,1,15,12,25,34,0
NGolo Kante,MF,Chelsea,21.1,79,50,37,37,5,406,144,35.5,180,170,56,53,5,0,48,56,135,26,0
Moise Kean,FW,Everton,0.2,0,0,0,0,0,1,0,0,0,0,1,0,0,0,0,0,0,0,0
Michael Keane,DF,Everton,26.2,24,13,16,6,2,148,50,33.8,96,45,7,55,29,0,26,33,57,149,2
Neeskens Kebano,"FW,MF",Fulham,1.3,1,1,1,0,0,30,9,30,4,13,13,5,0,0,5,0,1,1,0
Naby Keita,MF,Liverpool,5.8,7,5,4,2,1,144,37,25.7,18,75,51,11,0,0,11,12,19,6,0
Jonjoe Kenny,DF,Everton,0.9,1,0,1,0,0,11,1,9.1,4,4,3,2,0,0,2,1,2,1,0
Reda Khadra,FW,Brighton,0.1,0,0,0,0,0,1,1,100,0,0,1,0,0,0,0,0,0,0,0
Max Kilman,DF,Wolves,12.5,25,18,19,3,3,123,40,32.5,86,31,6,15,6,0,9,13,38,43,0
Joshua King,"MF,FW",Everton,1.4,2,1,0,0,2,30,7,23.3,7,13,10,3,0,0,3,1,3,1,0
Mateusz Klich,MF,Leeds United,23.4,45,36,17,22,6,501,150,29.9,110,282,109,20,4,0,16,13,58,19,0
Robin Koch,DF,Leeds United,10.1,20,13,13,7,0,123,33,26.8,68,53,2,24,11,0,13,7,27,29,2
Sead Kolasinac,DF,Arsenal,1,0,0,0,0,0,3,1,33.3,0,2,1,0,0,0,0,0,0,0,0
Ezri Konsa,DF,Aston Villa,26.5,22,15,16,5,1,158,54,34.2,91,58,9,45,34,0,11,14,36,136,0
Cheikhou Kouyate,DF,Crystal Palace,26.7,52,27,40,10,2,247,76,30.8,170,64,13,45,22,0,23,25,77,132,2
Mateo Kovacic,MF,Chelsea,17.9,47,30,19,23,5,281,95,33.8,82,141,58,13,1,0,12,19,66,11,1
Emil Krafth,DF,Newcastle Utd,10.5,24,17,14,9,1,138,47,34.1,71,50,17,23,6,0,17,15,39,42,1
Alexandre Lacazette,FW,Arsenal,19,23,17,6,11,6,300,98,32.7,39,126,135,16,2,0,14,13,36,11,0
Adam Lallana,"MF,FW",Brighton,14.2,24,20,13,9,2,251,83,33.1,83,113,55,21,3,0,18,13,37,13,0
Erik Lamela,"FW,MF",Tottenham,7,14,9,0,10,4,152,39,25.7,27,82,43,7,1,0,6,4,18,1,0
Tariq Lamptey,DF,Brighton,9.8,17,10,9,6,2,124,41,33.1,49,53,22,15,1,0,14,13,30,17,0
Manuel Lanzini,"MF,FW",West Ham,4.5,4,4,0,3,1,81,28,34.6,20,39,22,12,0,0,12,5,9,3,0
Aymeric Laporte,DF,Manchester City,12.4,12,6,8,3,1,66,22,33.3,39,22,5,16,7,0,9,8,20,46,0
Jamaal Lascelles,DF,Newcastle Utd,18.1,19,12,11,6,2,150,52,34.7,89,53,8,39,18,2,21,15,34,108,1
Maxime Le Marchand,DF,Fulham,1.4,2,1,2,0,0,9,2,22.2,6,2,1,0,0,0,0,0,2,7,0
Mario Lemina,MF,Fulham,14.1,37,25,17,13,7,242,75,31,86,118,38,22,4,0,18,32,69,27,0
Bernd Leno,GK,Arsenal,28.8,0,0,0,0,0,3,2,66.7,3,0,0,1,0,0,1,0,0,0,0
Khanya Leshabela,MF,Leicester City,0.1,1,0,0,1,0,4,0,0,0,2,2,0,0,0,0,0,1,0,0
Jamal Lewis,DF,Newcastle Utd,20.3,50,26,34,14,2,331,81,24.5,178,119,34,35,7,0,28,20,70,33,1
Victor Lindelof,DF,Manchester Utd,22.7,18,11,11,7,0,141,49,34.8,85,50,6,35,17,0,18,18,36,102,0
Jesse Lingard,"MF,FW",West Ham,7.8,8,6,4,3,1,164,39,23.8,29,102,33,4,0,0,4,7,15,0,0
Jake Livermore,MF,West Brom,13.6,29,19,10,17,2,241,66,27.4,73,131,37,33,7,0,26,19,48,32,0
Diego Llorente,DF,Leeds United,7,26,20,15,11,0,132,52,39.4,75,55,2,6,2,0,4,20,46,36,0
Hugo Lloris,GK,Tottenham,30,0,0,0,0,0,2,0,0,2,0,0,0,0,0,0,0,0,2,1
Giovani Lo Celso,MF,Tottenham,6.6,19,11,10,6,3,181,51,28.2,61,86,34,7,1,0,6,2,21,6,0
Ruben Loftus-Cheek,"MF,FW",Fulham,19.4,30,21,11,14,5,310,92,29.7,60,161,89,22,2,0,20,20,50,15,0
Ruben Loftus-Cheek,FW,Chelsea,0.7,0,0,0,0,0,14,4,28.6,3,7,4,1,0,0,1,1,1,0,0
Kevin Long,DF,Burnley,7.1,14,8,10,4,0,53,20,37.7,34,18,1,9,5,0,4,4,18,31,0
Shane Long,"FW,MF",Southampton,2.3,2,0,0,0,2,34,7,20.6,2,19,13,1,0,0,1,2,4,1,0
Matthew Longstaff,MF,Newcastle Utd,4.2,4,3,4,0,0,98,25,25.5,30,58,10,9,0,0,9,6,10,3,0
Sean Longstaff,MF,Newcastle Utd,10.3,20,11,7,10,3,241,64,26.6,103,107,31,18,1,0,17,12,32,13,1
Ademola Lookman,"FW,MF",Fulham,25.8,32,25,9,18,5,433,134,30.9,86,200,147,35,1,0,34,23,55,9,0
Max Lowe,DF,Sheffield Utd,6.1,23,14,20,2,1,130,37,28.5,60,51,19,21,3,0,18,3,26,12,1
Matthew Lowton,DF,Burnley,26,57,30,30,25,2,221,63,28.5,97,95,29,48,8,0,40,41,98,83,2
David Luiz,DF,Arsenal,14.9,14,9,7,7,0,92,36,39.1,49,38,5,23,11,0,12,12,26,66,0
Douglas Luiz,MF,Aston Villa,24.1,51,36,21,27,3,415,110,26.5,155,211,49,47,16,0,31,24,75,40,0
John Lundstram,MF,Sheffield Utd,21.3,25,11,8,14,3,328,71,21.6,100,163,65,39,8,0,31,20,45,32,1
Alexis Mac Allister,"MF,FW",Brighton,9.5,22,16,9,10,3,191,67,35.1,52,85,54,17,2,0,15,7,29,4,0
James Maddison,"MF,FW",Leicester City,18.3,28,20,4,13,11,276,70,25.4,50,139,87,12,1,0,11,10,38,6,0
Harry Maguire,DF,Manchester Utd,30,25,14,17,8,0,163,55,33.7,94,64,5,38,22,0,16,55,80,158,1
Riyad Mahrez,FW,Manchester City,19,20,15,3,9,8,213,53,24.9,20,91,102,21,0,0,21,4,24,3,0
Ainsley Maitland-Niles,MF,West Brom,8,15,9,7,5,3,193,61,31.6,54,93,46,12,0,0,12,13,28,14,0
Ainsley Maitland-Niles,DF,Arsenal,5.4,17,11,9,6,2,113,25,22.1,48,44,21,13,3,0,10,13,30,12,1
Josh Maja,FW,Fulham,6.2,3,2,0,1,2,66,19,28.8,2,29,35,4,0,0,4,3,6,1,0
Sadio Mane,FW,Liverpool,25.1,32,26,7,16,9,352,125,35.5,46,119,187,33,2,0,31,14,46,6,0
Javier Manquillo,DF,Newcastle Utd,9.2,28,14,10,14,4,124,33,26.6,44,46,34,17,2,0,15,8,36,21,0
Fernando Marcal,DF,Wolves,6.8,9,4,5,4,0,63,19,30.2,30,22,11,19,2,0,17,7,16,23,0
Solly March,DF,Brighton,18.6,56,35,29,18,9,240,71,29.6,86,84,70,50,6,0,44,19,75,16,0
Pablo Marí,DF,Arsenal,7,12,10,9,3,0,48,22,45.8,31,16,1,10,5,0,5,3,15,46,0
Anthony Martial,FW,Manchester Utd,16.4,1,1,0,0,1,146,42,28.8,13,38,95,22,5,0,17,4,5,9,0
Martinelli,FW,Arsenal,2.6,4,1,1,2,1,54,5,9.3,9,16,29,2,0,0,2,6,10,3,0
Emiliano Martínez,GK,Aston Villa,29,0,0,0,0,0,3,0,0,3,0,0,0,0,0,0,0,0,0,1
Arthur Masuaku,DF,West Ham,10.2,19,13,14,4,1,116,38,32.8,68,34,14,30,0,0,30,4,23,14,0
Juan Mata,FW,Manchester Utd,3.8,2,2,1,1,0,42,10,23.8,9,13,20,2,0,0,2,0,2,2,0
Jean-Philippe Mateta,FW,Crystal Palace,2,1,1,0,1,0,28,3,10.7,2,16,10,2,1,0,1,1,2,2,0
Nemanja Matic,MF,Manchester Utd,10.2,21,12,12,8,1,138,42,30.4,59,68,11,27,4,0,23,9,30,13,0
Joel Matip,DF,Liverpool,7.7,14,10,10,4,0,58,24,41.4,35,20,3,7,0,0,7,4,18,28,0
Neal Maupay,"FW,MF",Brighton,23.8,19,13,5,9,5,383,119,31.1,58,151,174,16,2,0,14,10,29,9,0
James McArthur,MF,Crystal Palace,16.3,56,26,29,22,5,378,102,27,159,182,37,39,4,0,35,23,79,25,0
Oliver McBurnie,FW,Sheffield Utd,14.5,13,7,6,5,2,295,61,20.7,24,161,110,17,4,0,13,8,21,25,0
Alex McCarthy,GK,Southampton,25,0,0,0,0,0,4,1,25,4,0,0,0,0,0,0,0,0,3,2
James McCarthy,MF,Crystal Palace,6,11,5,9,2,0,111,27,24.3,50,54,7,16,7,0,9,7,18,8,0
John McGinn,MF,Aston Villa,28,59,38,20,32,7,432,118,27.3,129,231,72,30,4,0,26,32,91,27,2
David McGoldrick,"FW,MF",Sheffield Utd,19,21,12,5,9,7,307,80,26.1,49,129,129,28,2,0,26,12,33,15,0
Dwight McNeil,MF,Burnley,26.7,30,16,10,16,4,451,102,22.6,106,234,111,49,5,0,44,28,58,20,1
Scott McTominay,MF,Manchester Utd,18,32,20,19,10,3,252,81,32.1,92,123,37,47,12,0,35,28,60,38,0
Ben Mee,DF,Burnley,22.9,26,16,14,10,2,114,31,27.2,67,39,8,49,33,1,16,17,43,188,1
Benjamin Mendy,DF,Manchester City,7.7,11,7,3,5,3,77,24,31.2,21,32,24,16,3,0,13,3,14,10,1
Edouard Mendy,GK,Chelsea,25,0,0,0,0,0,3,0,0,3,0,0,0,0,0,0,0,0,0,1
Nampalys Mendy,MF,Leicester City,15.3,33,21,18,13,2,244,76,31.1,98,110,36,20,2,0,18,7,40,7,0
Illan Meslier,GK,Leeds United,29,0,0,0,0,0,4,1,25,4,0,0,0,0,0,0,0,0,0,2
Luka Milivojevic,MF,Crystal Palace,21.6,55,37,23,27,5,399,113,28.3,168,189,42,38,5,0,33,32,87,44,0
James Milner,"MF,DF",Liverpool,9.3,18,13,6,11,1,139,46,33.1,32,82,25,31,3,0,28,13,31,17,1
Yerry Mina,DF,Everton,19.2,22,11,17,5,0,129,38,29.5,87,40,2,31,21,0,10,11,33,114,1
Takumi Minamino,"MF,FW",Southampton,4.6,2,1,1,1,0,56,16,28.6,16,27,13,5,0,0,5,4,6,6,0
Takumi Minamino,"MF,FW",Liverpool,3.3,4,3,1,2,1,82,25,30.5,19,41,22,0,0,0,0,0,4,3,0
Tyrone Mings,DF,Aston Villa,27.5,21,13,16,4,1,173,49,28.3,93,64,16,56,32,1,24,18,39,174,3
Tyrick Mitchell,DF,Crystal Palace,13,51,21,36,7,8,273,66,24.2,188,55,30,30,2,0,28,18,69,44,1
Aleksandar Mitrovic,FW,Fulham,13.5,10,8,1,4,5,166,63,38,11,58,97,17,4,0,13,3,13,6,0
Jakub Moder,DF,Brighton,2.1,6,3,2,2,2,43,12,27.9,14,13,16,4,0,0,4,3,9,2,0
Jayson Molumby,MF,Brighton,0,0,0,0,0,0,1,0,0,1,0,0,0,0,0,0,0,0,0,0
Wes Morgan,DF,Leicester City,0.2,0,0,0,0,0,0,0,,0,0,0,0,0,0,0,0,0,1,0
Mason Mount,"MF,FW",Chelsea,25.3,65,42,24,29,12,534,169,31.6,121,252,161,36,1,0,35,31,96,13,0
Lucas Moura,"FW,MF",Tottenham,13,28,18,10,14,4,209,50,23.9,60,96,53,15,0,0,15,16,44,10,0
Lys Mousset,"FW,MF",Sheffield Utd,2.9,0,0,0,0,0,52,10,19.2,1,21,30,1,1,0,0,0,0,1,0
Joao Moutinho,MF,Wolves,22.6,50,34,24,23,3,403,119,29.5,150,201,52,34,3,0,31,31,81,25,0
Joel Mumbongo,FW,Burnley,0.4,0,0,0,0,0,7,1,14.3,0,1,6,1,0,0,1,0,0,0,0
Jacob Murphy,"DF,MF",Newcastle Utd,10.1,26,17,13,10,3,192,45,23.4,76,71,45,25,2,0,23,11,37,15,0
Shkodran Mustafi,DF,Arsenal,0.5,1,1,1,0,0,7,2,28.6,3,4,0,1,0,0,1,0,1,2,0
Marvelous Nakamba,MF,Aston Villa,4.9,12,6,5,7,0,91,28,30.8,47,39,5,8,2,0,6,8,20,10,0
Iliman Ndiaye,MF,Sheffield Utd,0.1,0,0,0,0,0,8,1,12.5,1,4,3,1,0,0,1,0,0,0,0
Wilfred Ndidi,"MF,DF",Leicester City,16.5,74,47,39,28,7,328,123,37.5,144,160,24,51,10,0,41,32,106,56,0
Tanguy Ndombele,MF,Tottenham,20.5,46,29,11,23,12,382,125,32.7,111,201,70,29,4,0,25,25,71,19,0
Reiss Nelson,FW,Arsenal,0.8,0,0,0,0,0,13,6,46.2,2,6,5,1,0,0,1,1,1,1,0
Pedro Neto,"FW,MF",Wolves,28,21,18,7,6,8,336,95,28.3,85,147,104,25,2,0,23,29,50,11,0
Ruben Neves,MF,Wolves,24.1,71,53,37,30,4,465,151,32.5,203,223,39,59,8,0,51,39,110,45,1
Eddie Nketiah,FW,Arsenal,3.6,2,2,0,1,1,75,10,13.3,9,38,28,7,2,0,5,0,2,4,0
Niels Nkounkou,DF,Everton,0.8,4,0,2,1,1,20,4,20,6,9,5,4,0,0,4,0,4,4,0
Dan Nlundulu,FW,Southampton,1.2,0,0,0,0,0,28,7,25,5,8,15,5,0,0,5,0,0,2,0
Mark Noble,MF,West Ham,5.4,5,4,1,3,1,76,14,18.4,26,41,9,5,1,0,4,7,12,6,0
Oliver Norwood,MF,Sheffield Utd,16.7,38,20,18,19,1,285,69,24.2,114,139,32,23,8,0,15,24,62,40,1
Jack O'Connell,DF,Sheffield Utd,2,3,1,1,1,1,10,4,40,5,2,3,6,3,0,3,0,3,11,0
Dara O'Shea,DF,West Brom,20.3,46,28,29,14,3,211,76,36,131,66,14,48,18,1,30,30,76,128,0
Michael Obafemi,FW,Southampton,0.2,0,0,0,0,0,6,2,33.3,4,1,1,0,0,0,0,0,0,0,0
Denis Odoi,DF,Fulham,3,3,0,2,1,0,23,3,13,11,8,4,6,1,0,5,1,4,11,0
Angelo Ogbonna,DF,West Ham,22.7,21,14,17,3,1,177,72,40.7,112,57,8,34,12,0,22,19,40,140,0
Robin Olsen,GK,Everton,6,0,0,0,0,0,0,0,,0,0,0,0,0,0,0,0,0,2,0
Josh Onomah,MF,Fulham,1.9,4,2,0,3,1,54,13,24.1,8,31,15,3,1,0,2,0,4,1,0
Divock Origi,FW,Liverpool,2.1,4,3,1,2,1,39,15,38.5,3,11,25,4,1,0,3,1,5,2,0
Ben Osborn,"MF,DF",Sheffield Utd,11.1,21,12,13,6,2,237,53,22.4,93,97,47,18,2,0,16,10,31,12,0
Owen Otasowie,MF,Wolves,1.3,5,4,3,2,0,23,12,52.2,7,13,3,3,1,0,2,3,8,1,0
Alex Oxlade-Chamberlain,"FW,MF",Liverpool,2.5,2,1,0,2,0,39,11,28.2,2,21,16,2,0,0,2,1,3,1,0
Emerson Palmieri,DF,Chelsea,1,3,2,1,1,1,14,3,21.4,6,3,5,2,0,0,2,1,4,10,0
Thomas Partey,MF,Arsenal,11.7,34,22,13,19,2,181,72,39.8,69,87,25,18,2,0,16,18,52,19,0
Rui Patricio,GK,Wolves,30,0,0,0,0,0,3,0,0,3,0,0,0,0,0,0,0,0,0,0
Bailey Peacock-Farrell,GK,Burnley,1,0,0,0,0,0,0,0,,0,0,0,0,0,0,0,0,0,0,0
Lee Peltier,DF,West Brom,2.5,10,7,9,1,0,32,12,37.5,15,14,3,2,0,0,2,2,12,12,0
Nicolas Pepe,FW,Arsenal,12.7,16,14,7,8,1,162,45,27.8,37,57,68,16,1,0,15,13,29,9,1
Matheus Pereira,"MF,FW",West Brom,21.8,27,17,10,12,5,359,99,27.6,85,183,91,22,0,0,22,24,51,15,0
Ricardo Pereira,"DF,FW",Leicester City,8.3,28,13,18,9,1,143,46,32.2,72,51,20,21,0,0,21,13,41,22,0
Ayoze Perez,"FW,MF",Leicester City,11.7,30,13,8,16,6,257,66,25.7,54,127,76,29,1,0,28,12,42,5,0
Kalvin Phillips,MF,Leeds United,21.5,60,34,37,18,5,442,144,32.6,185,216,41,48,12,0,36,36,96,47,0
Matt Phillips,"MF,DF",West Brom,13.4,14,8,3,7,4,207,46,22.2,61,83,63,38,4,1,34,10,24,11,0
Nathaniel Phillips,DF,Liverpool,10.2,9,5,6,3,0,118,45,38.1,51,63,4,13,9,0,4,12,21,80,0
Jordan Pickford,GK,Everton,22.5,0,0,0,0,0,6,1,16.7,6,0,0,1,0,0,1,0,0,3,2
Erik Pieters,"DF,MF",Burnley,13.1,33,21,19,12,2,188,45,23.9,86,77,25,42,9,1,33,10,43,37,0
Daniel Podence,"FW,MF",Wolves,15.1,18,7,5,8,5,182,51,28,38,79,65,5,1,0,4,12,30,6,0
Paul Pogba,"MF,FW",Manchester Utd,15.9,33,23,13,16,4,222,77,34.7,74,95,53,16,1,0,15,19,52,38,0
Nick Pope,GK,Burnley,29,0,0,0,0,0,7,2,28.6,7,0,0,0,0,0,0,0,0,3,1
Dennis Praet,"MF,FW",Leicester City,7.3,12,7,5,6,1,126,30,23.8,35,60,31,14,2,0,12,8,20,3,0
Davy Propper,MF,Brighton,2.4,7,5,0,7,0,30,13,43.3,13,15,2,2,0,0,2,2,9,0,0
Christian Pulisic,FW,Chelsea,12.5,14,8,8,6,0,197,62,31.5,44,96,57,22,2,0,20,7,21,9,0
Aaron Ramsdale,GK,Sheffield Utd,30,0,0,0,0,0,7,2,28.6,6,0,1,0,0,0,0,0,0,1,3
Jacob Ramsey,MF,Aston Villa,4.5,6,5,1,4,1,121,35,28.9,39,56,26,11,3,0,8,4,10,4,0
Kayne Ramsey,DF,Southampton,1,5,3,4,1,0,8,5,62.5,7,1,0,1,1,0,0,1,6,4,0
Darren Randolph,GK,West Ham,2,0,0,0,0,0,0,0,,0,0,0,0,0,0,0,0,0,0,0
Marcus Rashford,FW,Manchester Utd,27.2,9,6,2,2,5,264,58,22,33,107,124,21,3,0,18,10,19,7,0
Tim Ream,DF,Fulham,5,5,2,5,0,0,25,6,24,12,13,0,9,4,0,5,3,8,17,1
Nathan Redmond,"MF,FW",Southampton,13,22,12,9,10,3,241,65,27,45,105,91,15,1,0,14,11,33,6,0
Harrison Reed,MF,Fulham,22.6,62,36,27,32,3,473,140,29.6,214,215,44,45,11,0,34,47,109,55,0
Sergio Reguilon,DF,Tottenham,17.2,41,23,29,10,2,271,76,28,137,89,45,38,5,0,33,23,64,53,0
Bobby Reid,"FW,DF",Fulham,19.6,26,17,10,10,6,298,80,26.8,93,108,97,32,5,0,27,12,38,37,0
Declan Rice,MF,West Ham,29,71,49,43,27,1,437,132,30.2,188,215,34,50,11,0,39,61,132,43,1
Lewis Richardson,"FW,MF",Burnley,0,0,0,0,0,0,3,2,66.7,0,2,1,0,0,0,0,0,0,0,0
Richarlison,FW,Everton,23,37,25,24,10,3,357,104,29.1,93,152,112,26,2,0,24,12,49,27,0
Jairo Riedewald,MF,Crystal Palace,15.7,27,17,11,13,3,216,60,27.8,92,103,21,39,7,0,32,14,41,24,0
Matt Ritchie,"DF,MF",Newcastle Utd,7.1,10,5,4,4,2,75,22,29.3,35,27,13,15,1,0,14,10,20,24,0
Tyler Roberts,"MF,FW",Leeds United,10.2,13,7,3,8,2,161,43,26.7,25,79,57,16,3,0,13,5,18,9,0
Andrew Robertson,DF,Liverpool,29.6,35,19,20,11,4,243,90,37,78,85,80,50,9,1,41,24,59,60,1
Antonee Robinson,DF,Fulham,20,38,21,22,10,6,185,66,35.7,92,49,44,46,5,0,41,36,74,74,0
Callum Robinson,"FW,MF",West Brom,13.8,12,7,7,3,2,203,47,23.2,30,77,96,12,0,0,12,11,23,9,0
Jack Robinson,DF,Sheffield Utd,6.7,12,8,7,5,0,56,21,37.5,31,18,7,9,4,0,5,6,18,32,0
Hal Robson-Kanu,"FW,MF",West Brom,3.1,2,2,1,1,0,47,8,17,4,22,21,3,0,0,3,1,3,3,0
Marek Rodak,GK,Fulham,1,0,0,0,0,0,2,0,0,2,0,0,0,0,0,0,0,0,0,0
Joe Rodon,DF,Tottenham,6.1,12,8,10,2,0,55,16,29.1,42,13,0,13,8,0,5,12,24,45,2
Rodri,MF,Manchester City,25.1,72,54,28,32,12,403,153,38,129,218,56,34,8,0,26,29,101,52,1
Rodrigo,"MF,FW",Leeds United,12.1,19,11,11,5,3,211,58,27.5,40,102,69,9,0,0,9,7,26,12,0
James Rodríguez,"FW,MF",Everton,15.8,18,13,5,10,3,189,49,25.9,61,85,43,23,0,0,23,13,31,1,0
Jay Rodriguez,"FW,MF",Burnley,12.7,28,14,8,11,9,271,57,21,41,118,112,24,4,0,20,4,32,6,0
Oriol Romeu,MF,Southampton,19.2,68,35,27,37,4,339,103,30.4,126,189,24,32,6,0,26,25,93,19,0
John Ruddy,GK,Wolves,0,0,0,0,0,0,0,0,,0,0,0,0,0,0,0,0,0,0,0
Antonio Rudiger,DF,Chelsea,13,21,11,12,7,2,92,41,44.6,47,36,9,14,9,0,5,11,32,57,0
Mathew Ryan,GK,Arsenal,1,0,0,0,0,0,0,0,,0,0,0,0,0,0,0,0,0,0,0
Mathew Ryan,GK,Brighton,11,0,0,0,0,0,2,0,0,2,0,0,0,0,0,0,0,0,1,0
Allan Saint-Maximin,"FW,MF",Newcastle Utd,10.8,13,9,5,7,1,127,34,26.8,20,70,37,8,1,0,7,7,20,0,0
Romain Saiss,DF,Wolves,20.7,23,13,18,5,0,192,62,32.3,126,62,4,38,13,2,25,24,47,125,1
Bukayo Saka,"FW,DF",Arsenal,23,26,15,9,13,4,312,88,28.2,75,133,104,35,2,0,33,19,45,22,0
Mamadou Sakho,DF,Crystal Palace,3.1,4,2,1,3,0,14,6,42.9,8,6,0,3,2,0,1,0,4,14,1
Mohamed Salah,FW,Liverpool,27,25,12,6,8,11,391,116,29.7,28,116,247,8,1,0,7,6,31,7,1
Mohammed Salisu,DF,Southampton,4,13,6,9,3,1,65,25,38.5,30,32,3,6,1,0,5,14,27,12,0
Davinson Sanchez,DF,Tottenham,15.5,37,24,28,9,0,144,47,32.6,95,42,7,17,11,0,6,12,49,111,0
Robert Sanchez,GK,Brighton,19,0,0,0,0,0,1,0,0,1,0,0,0,0,0,0,0,0,0,0
Morgan Sanson,MF,Aston Villa,3.3,7,6,6,1,0,103,34,33,30,48,25,4,0,0,4,7,14,4,0
Romaine Sawyers,MF,West Brom,16.5,31,19,21,9,1,332,81,24.4,165,143,24,18,2,0,16,22,53,14,1
Dane Scarlett,FW,Tottenham,0,0,0,0,0,0,1,1,100,0,1,0,0,0,0,0,0,0,0,0
Fabian Schar,DF,Newcastle Utd,13.4,18,9,14,4,0,107,31,29,63,40,4,23,13,0,10,21,39,61,1
Jeffrey Schlupp,MF,Crystal Palace,11.7,20,10,11,7,2,166,44,26.5,65,73,28,29,7,0,22,11,31,9,1
Kasper Schmeichel,GK,Leicester City,30,0,0,0,0,0,3,0,0,3,0,0,0,0,0,0,0,0,0,0
Nelson Semedo,DF,Wolves,26.5,64,40,42,14,8,422,115,27.3,206,139,77,49,11,0,38,36,100,61,0
Jamie Shackleton,"MF,DF",Leeds United,5.1,8,5,4,4,0,74,18,24.3,21,37,16,7,1,0,6,6,14,5,0
Xherdan Shaqiri,"MF,FW",Liverpool,5.8,6,4,4,1,1,88,31,35.2,17,33,38,7,0,0,7,4,10,2,0
Billy Sharp,FW,Sheffield Utd,8.2,7,5,0,5,2,145,34,23.4,13,63,69,2,0,0,2,3,10,1,0
Luke Shaw,DF,Manchester Utd,23.5,51,37,24,18,9,287,109,38,98,124,65,54,7,0,47,20,71,49,1
Jonjo Shelvey,MF,Newcastle Utd,21.1,37,21,20,15,2,281,58,20.6,108,126,47,19,8,1,11,25,62,42,0
Shola Shoretire,FW,Manchester Utd,0,0,0,0,0,0,3,0,0,0,3,0,0,0,0,0,0,0,0,0
Gylfi Sigurdsson,MF,Everton,17.4,24,13,6,13,5,326,82,25.2,79,167,80,43,4,0,39,19,43,11,0
Bernardo Silva,"MF,FW",Manchester City,19.1,27,16,11,11,5,308,85,27.6,57,154,97,15,1,0,14,18,45,7,0
Fabio Silva,FW,Wolves,9.6,5,2,1,4,0,148,34,23,17,81,50,9,1,0,8,4,9,3,0
Thiago Silva,DF,Chelsea,16.5,20,12,14,5,1,78,30,38.5,34,40,4,20,11,1,9,16,36,81,1
Moussa Sissoko,MF,Tottenham,16.3,23,18,19,3,1,212,65,30.7,120,71,21,23,4,0,19,16,39,31,0
Islam Slimani,FW,Leicester City,0.2,0,0,0,0,0,5,2,40,0,3,2,0,0,0,0,0,0,0,0
William Smallbone,MF,Southampton,1.9,6,4,2,3,1,43,18,41.9,9,21,13,5,0,0,5,1,7,2,0
Emile Smith-Rowe,"MF,FW",Arsenal,10.5,10,6,4,4,2,174,48,27.6,36,73,65,14,1,0,13,8,18,9,0
Robert Snodgrass,"MF,FW",West Brom,5.8,20,12,13,5,2,86,25,29.1,34,34,18,13,3,0,10,4,24,11,0
Robert Snodgrass,"FW,DF",West Ham,0.1,1,1,0,0,1,0,0,,0,0,0,0,0,0,0,0,1,0,0
Cedric Soares,DF,Arsenal,8.3,16,10,9,5,2,114,35,30.7,51,42,21,14,2,0,12,8,24,21,0
Tomas Soucek,MF,West Ham,30,65,38,29,29,7,452,126,27.9,155,227,70,42,14,0,28,43,108,110,1
Caglar Soyuncu,DF,Leicester City,13.2,17,11,10,7,0,104,34,32.7,63,38,3,16,8,0,8,15,32,78,1
Zack Steffen,GK,Manchester City,1,0,0,0,0,0,0,0,,0,0,0,0,0,0,0,0,0,0,0
Dale Stephens,MF,Burnley,2.9,10,4,3,5,2,48,15,31.3,15,27,6,3,0,0,3,3,13,0,0
Jack Stephens,DF,Southampton,12.1,26,13,15,10,1,106,34,32.1,55,46,5,27,9,0,18,14,40,65,0
Raheem Sterling,FW,Manchester City,23.2,19,17,3,13,3,235,69,29.4,28,111,96,15,1,0,14,12,31,2,0
Enda Stevens,DF,Sheffield Utd,22,37,19,20,13,4,298,69,23.2,145,105,48,48,9,0,39,32,69,78,2
John Stones,DF,Manchester City,18,14,7,10,2,2,105,38,36.2,49,48,8,28,13,0,15,15,29,57,0
Pascal Struijk,"DF,MF",Leeds United,16.8,37,16,22,14,1,272,87,32,140,116,16,36,15,0,21,28,65,69,0
Japhet Tanganga,DF,Tottenham,3.5,1,1,1,0,0,36,12,33.3,23,9,4,7,3,0,4,1,2,11,0
Matt Targett,DF,Aston Villa,28.8,73,41,41,19,13,287,93,32.4,147,91,49,55,12,0,43,35,108,95,1
James Tarkowski,DF,Burnley,28,56,30,48,6,2,186,75,40.3,126,53,7,55,33,1,22,41,97,173,1
Percy Tau,"FW,MF",Brighton,0.9,1,0,1,0,0,23,2,8.7,8,9,6,2,0,0,2,0,1,0,0
Sidnei Tavares,MF,Leicester City,0.9,0,0,0,0,0,19,7,36.8,8,9,2,1,1,0,0,1,1,0,0
Charlie Taylor,DF,Burnley,20,32,17,17,10,5,167,47,28.1,67,73,27,45,14,0,31,17,49,64,0
Neil Taylor,DF,Aston Villa,0.2,1,0,1,0,0,4,0,0,3,0,1,0,0,0,0,0,1,0,0
Allan Tchaptchet,DF,Southampton,0.1,0,0,0,0,0,1,0,0,1,0,0,0,0,0,0,0,0,0,0
Nathan Tella,"FW,MF",Southampton,5,4,2,1,1,2,127,33,26,17,64,46,9,0,0,9,4,8,2,0
Alex Telles,DF,Manchester Utd,5.7,8,4,7,1,0,49,16,32.7,25,16,8,8,0,0,8,5,13,17,0
Kenny Tete,DF,Fulham,12.8,45,22,26,14,5,192,53,27.6,96,64,32,26,5,0,21,21,66,54,0
Luke Thomas,DF,Leicester City,4.5,9,2,3,1,5,84,25,29.8,39,32,13,15,3,0,12,5,14,15,0
Youri Tielemans,MF,Leicester City,29.3,54,40,22,22,10,391,129,33,125,192,74,44,8,0,36,25,79,20,0
Kieran Tierney,DF,Arsenal,22.4,26,15,7,13,6,177,58,32.8,65,75,37,42,10,0,32,14,40,69,0
James Tomkins,DF,Crystal Palace,4.3,4,2,3,1,0,25,6,24,20,5,0,4,1,0,3,2,6,37,0
Fikayo Tomori,DF,Chelsea,0.5,3,2,1,2,0,3,1,33.3,3,0,0,4,3,0,1,1,4,8,0
Ferran Torres,FW,Manchester City,10.4,8,4,2,3,3,150,42,28,23,63,64,8,1,0,7,4,12,2,0
Cenk Tosun,FW,Everton,0.5,0,0,0,0,0,8,1,12.5,2,4,2,0,0,0,0,0,0,0,0
Andros Townsend,"MF,FW",Crystal Palace,20.1,54,28,31,16,7,411,101,24.6,191,162,58,46,1,0,45,39,93,12,0
Conor Townsend,DF,West Brom,16.8,31,17,21,9,1,179,52,29.1,87,71,21,25,8,2,17,29,60,38,0
Adama Traore,FW,Wolves,22.8,24,16,11,10,3,257,76,29.6,66,137,54,21,0,0,21,10,34,14,0
Bertrand Traore,FW,Aston Villa,17.9,18,6,6,4,8,247,47,19,65,106,76,16,0,0,16,21,39,14,0
Trezeguet,FW,Aston Villa,12.1,29,16,13,10,6,265,60,22.6,81,102,82,24,1,0,23,10,39,16,0
Leandro Trossard,"FW,MF",Brighton,22.8,24,17,6,14,4,314,102,32.5,82,123,109,32,4,0,28,16,40,4,0
Kostas Tsimikas,DF,Liverpool,0.1,0,0,0,0,0,4,3,75,0,2,2,0,0,0,0,0,0,0,0
Axel Tuanzebe,DF,Manchester Utd,1.5,5,2,2,3,0,24,6,25,14,9,1,6,3,0,3,0,5,4,0
Cengiz Under,"MF,FW",Leicester City,3.1,3,3,0,2,1,44,15,34.1,11,18,15,5,0,0,5,3,6,0,0
Yan Valery,"DF,MF",Southampton,1.1,3,2,1,2,0,32,9,28.1,13,11,8,5,0,0,5,3,6,5,0
Jamie Vardy,FW,Leicester City,23.7,14,8,3,4,7,228,61,26.8,13,85,130,11,4,0,7,5,19,24,0
Joel Veltman,DF,Brighton,21.3,67,36,41,19,7,264,83,31.4,125,98,41,31,4,0,27,27,94,73,0
Jannik Vestergaard,DF,Southampton,21.5,41,28,26,12,3,152,64,42.1,100,45,7,28,14,0,14,25,66,118,1
Ruben Vinagre,DF,Wolves,1.9,5,3,3,2,0,26,5,19.2,13,9,4,4,0,0,4,1,6,6,0
Carlos Vinicius,FW,Tottenham,3.4,2,1,1,0,1,51,14,27.5,4,21,26,2,0,0,2,1,3,5,0
Vitinha,MF,Wolves,2.8,6,4,2,3,1,58,17,29.3,17,33,8,0,0,0,0,0,6,1,0
Jake Vokins,DF,Southampton,0.7,0,0,0,0,0,10,2,20,6,4,0,0,0,0,0,0,0,1,0
Matij Vydra,FW,Burnley,10.6,5,3,1,2,2,213,60,28.2,7,85,121,12,1,0,11,4,9,5,0
Theo Walcott,"MF,FW",Southampton,14.7,25,16,11,9,5,276,84,30.4,78,116,82,18,1,0,17,6,31,4,0
Kyle Walker,DF,Manchester City,18.6,35,26,17,14,4,208,66,31.7,72,100,36,24,4,0,20,12,47,28,0
Kyle Walker-Peters,DF,Southampton,21.8,64,35,44,18,2,295,93,31.5,156,109,30,53,12,0,41,29,93,49,1
Aaron Wan-Bissaka,DF,Manchester Utd,28,86,45,50,30,6,360,113,31.4,163,148,49,99,12,0,87,49,135,81,0
Joel Ward,DF,Crystal Palace,17.1,34,20,24,10,0,235,68,28.9,136,68,31,37,9,0,28,33,67,76,1
James Ward-Prowse,MF,Southampton,30,64,44,29,28,7,436,138,31.7,146,230,60,55,4,0,51,38,102,62,0
Ollie Watkins,FW,Aston Villa,29,30,19,5,16,9,455,138,30.3,27,187,241,15,1,0,14,9,39,18,0
Caleb Watts,"MF,FW",Southampton,0.4,2,1,2,0,0,20,7,35,9,8,3,3,0,0,3,0,2,0,0
Adam Webster,DF,Brighton,21.8,23,14,15,6,2,148,59,39.9,64,64,20,32,15,1,17,26,49,87,0
Danny Welbeck,FW,Brighton,11.1,10,6,3,4,3,153,40,26.1,25,63,65,16,3,0,13,4,14,9,0
Timo Werner,FW,Chelsea,23.7,24,15,8,11,5,301,91,30.2,60,116,125,20,0,0,20,6,30,4,0
Ashley Westwood,MF,Burnley,29.9,22,11,8,11,3,356,96,27,107,198,51,40,9,0,31,37,59,40,0
Ben White,"DF,MF",Brighton,28.5,48,28,23,21,4,318,110,34.6,145,144,29,48,16,0,32,28,76,61,0
Georginio Wijnaldum,MF,Liverpool,26.2,26,20,7,14,5,313,115,36.7,93,153,67,31,3,0,28,13,39,18,1
Brandon Williams,DF,Manchester Utd,0.1,1,1,0,1,0,4,2,50,0,3,1,0,0,0,0,1,2,0,0
Neco Williams,DF,Liverpool,2.8,6,5,4,2,0,42,11,26.2,17,16,9,8,1,0,7,5,11,4,0
Rhys Williams,DF,Liverpool,2.4,2,2,0,2,0,11,3,27.3,5,4,2,1,0,0,1,1,3,23,1
Willian,"FW,MF",Arsenal,13.3,15,6,8,6,1,177,47,26.6,40,70,67,22,0,0,22,11,26,3,0
Joe Willock,MF,Newcastle Utd,6.7,19,15,13,4,2,228,48,21.1,92,87,49,17,2,0,15,23,42,12,0
Callum Wilson,FW,Newcastle Utd,20.1,12,9,2,5,5,279,82,29.4,22,111,146,17,3,0,14,3,15,10,1
